{"cameraMode":{"drawMode":0,"name":"Shaded","section":"Shading Mode"},"sceneLighting":false,"audioPlay":false,"sceneViewState":{"m_AlwaysRefresh":false,"showFog":true,"showSkybox":false,"showFlares":true,"showImageEffects":true,"showParticleSystems":true,"showVisualEffectGraphs":true,"m_FxEnabled":true},"in2DMode":false,"pivot":{"x":-10.630450248718262,"y":1.2809877395629883,"z":-2.3527519702911379},"rotation":{"x":0.07137385755777359,"y":0.8838940858840942,"z":-0.14500457048416139,"w":0.43911704421043398},"size":2.5288994312286379,"orthographic":false}