{"cameraMode":{"drawMode":0,"name":"Shaded","section":"Shading Mode"},"sceneLighting":true,"audioPlay":false,"sceneViewState":{"m_AlwaysRefresh":false,"showFog":true,"showSkybox":true,"showFlares":true,"showImageEffects":true,"showParticleSystems":true,"showVisualEffectGraphs":true,"m_FxEnabled":true},"in2DMode":false,"pivot":{"x":3.7601571083068849,"y":26.70050621032715,"z":2.1545705795288088},"rotation":{"x":-0.2991164028644562,"y":-0.12097398191690445,"z":0.03826141357421875,"w":-0.9457862973213196},"size":1.1785410642623902,"orthographic":false}