{"cameraMode":{"drawMode":0,"name":"Shaded","section":"Shading Mode"},"sceneLighting":true,"audioPlay":false,"sceneViewState":{"m_AlwaysRefresh":false,"showFog":true,"showSkybox":true,"showFlares":true,"showImageEffects":true,"showParticleSystems":true,"showVisualEffectGraphs":true,"m_FxEnabled":true},"in2DMode":false,"pivot":{"x":24.774948120117189,"y":14.852681159973145,"z":11.419123649597168},"rotation":{"x":0.25364935398101809,"y":-0.7100138068199158,"z":0.31087005138397219,"w":0.5788689851760864},"size":0.7457767128944397,"orthographic":false}