{"cameraMode":{"drawMode":0,"name":"Shaded","section":"Shading Mode"},"sceneLighting":true,"audioPlay":false,"sceneViewState":{"m_AlwaysRefresh":false,"showFog":true,"showSkybox":true,"showFlares":true,"showImageEffects":true,"showParticleSystems":true,"showVisualEffectGraphs":true,"m_FxEnabled":true},"in2DMode":false,"pivot":{"x":7.448956489562988,"y":4.881984233856201,"z":23.255273818969728},"rotation":{"x":0.22670473158359528,"y":0.7639855146408081,"z":-0.48873502016067507,"w":0.3557282090187073},"size":1.5436041355133057,"orthographic":false}