{"cameraMode":{"drawMode":0,"name":"Shaded","section":"Shading Mode"},"sceneLighting":true,"audioPlay":false,"sceneViewState":{"m_AlwaysRefresh":false,"showFog":true,"showSkybox":true,"showFlares":true,"showImageEffects":true,"showParticleSystems":true,"showVisualEffectGraphs":true,"m_FxEnabled":true},"in2DMode":false,"pivot":{"x":-5.900050163269043,"y":1.7525907754898072,"z":0.7162033319473267},"rotation":{"x":0.21109101176261903,"y":0.13559556007385255,"z":-0.029772436246275903,"w":0.9676569700241089},"size":0.7457767128944397,"orthographic":false}