{"cameraMode":{"drawMode":0,"name":"Shaded","section":"Shading Mode"},"sceneLighting":true,"audioPlay":false,"sceneViewState":{"m_AlwaysRefresh":false,"showFog":true,"showSkybox":true,"showFlares":true,"showImageEffects":true,"showParticleSystems":true,"showVisualEffectGraphs":true,"m_FxEnabled":true},"in2DMode":false,"pivot":{"x":10.564376831054688,"y":-0.7184656858444214,"z":7.384064197540283},"rotation":{"x":-0.13479134440422059,"y":-0.31767863035202029,"z":0.04570820555090904,"w":-0.9375030398368836},"size":5.403512954711914,"orthographic":false}