{"cameraMode":{"drawMode":0,"name":"Shaded","section":"Shading Mode"},"sceneLighting":false,"audioPlay":false,"sceneViewState":{"m_AlwaysRefresh":false,"showFog":true,"showSkybox":false,"showFlares":true,"showImageEffects":true,"showParticleSystems":true,"showVisualEffectGraphs":true,"m_FxEnabled":true},"in2DMode":false,"pivot":{"x":-0.4426771104335785,"y":1.7534763813018799,"z":1.0744463205337525},"rotation":{"x":0.0025298993568867447,"y":0.9842480421066284,"z":-0.17636826634407044,"w":0.014131683856248856},"size":1.5351006984710694,"orthographic":false}