{"cameraMode":{"drawMode":0,"name":"Shaded","section":"Shading Mode"},"sceneLighting":false,"audioPlay":false,"sceneViewState":{"m_AlwaysRefresh":false,"showFog":true,"showSkybox":false,"showFlares":true,"showImageEffects":true,"showParticleSystems":true,"showVisualEffectGraphs":true,"m_FxEnabled":true},"in2DMode":false,"pivot":{"x":-0.050467561930418017,"y":1.3485324382781983,"z":-0.26341748237609866},"rotation":{"x":0.0012514926493167878,"y":-0.989366888999939,"z":0.1452903151512146,"w":0.008648863062262535},"size":1.5351006984710694,"orthographic":false}